100|Jasmine|House|westes@gmail.com|991808121
101|Jean|Gill|mooremichael@gmail.com|376037548
102|Jennifer|Perry|karenmoreno@taylor.biz|785072081
103|Tina|Martin|qmalone@hernandez.net|668455048
104|Dawn|Clay|pam63@yahoo.com|085628843
105|Adrienne|Sherman|johnsonlaura@green.biz|054851017
106|Matthew|Young|kevin92@gray.net|571266110
107|Sean|Wood|lwiggins@yahoo.com|776228277
108|Heather|Gibson|sherrywood@guzman.com|594082154
109|Anthony|Thomas|zunigakevin@yahoo.com|270185106
110|Shaun|Morgan|mdavenport@gmail.com|877725199
111|Matthew|Williams|debbie20@hotmail.com|818139890
112|Wayne|Smith|hilljamie@combs.net|690705626
113|Jonathan|Wilson|justinwhite@moore.com|952004615
114|Nicholas|Carey|harriskaren@young.com|057861706
115|Tabitha|Leonard|kevinrussell@mathis.com|582386870
116|Denise|Jackson|qnelson@james.org|028914161
117|Jason|Wagner|cynthia74@gmail.com|537950209
118|Robert|Woodard|ymedina@hotmail.com|807156956
119|Mitchell|Lee|juliachang@morse.org|337504793
120|Molly|Carroll|andreakeller@hotmail.com|192124938
121|Christina|Becker|pacedanielle@hotmail.com|566418775
122|Joshua|Fisher|adam35@gmail.com|361332541
123|Lindsey|Watkins|john73@yahoo.com|583199717
124|Sabrina|Bennett|bryanlang@turner.biz|108046619
125|Alex|Reyes|morgansharon@gmail.com|859311091
126|Dana|Scott|chardy@gmail.com|200249685
127|Dylan|Parker|miguel08@hotmail.com|038806533
128|Elizabeth|Neal|melissa95@hotmail.com|652170730
129|Jason|Castillo|lharris@gmail.com|015081247
130|Theresa|Gonzalez|jefferygreen@gmail.com|832302410
131|Sharon|Torres|lisa28@keith.com|338655963
132|Melissa|Phillips|john42@schmitt.com|912868578
133|Alicia|Webb|zadams@hotmail.com|333736346
134|Jonathan|Miller|sean53@williams.info|665754602
135|Michael|Miller|sara11@ward.com|354443928
136|Lynn|Logan|wunderwood@hotmail.com|782633373
137|Jennifer|Murray|megan66@gonzales.com|292407553
138|Kevin|Matthews|ericcisneros@carroll-lloyd.org|636186371
139|Christopher|Garcia|serranocarrie@lopez.biz|334817058
140|Peter|Mayo|emendoza@friedman-glenn.com|467299493
141|Adrian|Thomas|pjacobs@murphy.info|147546926
142|Stephen|Bartlett|longsonya@mcclure.com|137681511
143|Frederick|Clark|ojohnson@lowe.biz|600412577
144|Diane|Reeves|thomasramirez@gmail.com|091241862
145|Scott|Thompson|scottwilliams@cain.com|470900633
146|Allen|Johnson|lori13@robles.com|068155839
147|David|Lewis|glenn65@gmail.com|373149501
148|Victor|Mooney|susan95@horton.com|257150997
149|Briana|Mcneil|jensenpenny@young-patterson.com|025743263
