ID|name|surname|agency_ID
0|Lisa|Davis|0
1|Melanie|Lamb|1
2|David|Dunlap|2
3|Brent|Glass|3
4|Ryan|Ramsey|4
5|Tyler|Reyes|5
6|Ronald|Gomez|6
7|Rebekah|Hill|7
8|Sean|Hernandez|8
9|Christina|Jensen|9
10|Deborah|Porter|10
11|Nicole|Mendoza|11
12|Christopher|Reyes|12
13|Robert|Day|13
14|Laura|Wright|14
15|Virginia|Stephens|15
16|Andrew|Reyes|16
17|Jennifer|Castillo|17
18|Kimberly|Cooper|18
19|Ariel|Morris|19
20|Joseph|Johnson|20
21|Carla|Johnson|21
22|Lisa|Campbell|22
23|Lindsey|Ruiz|23
24|Michael|Silva|24
25|Jesse|Moore|25
26|John|Allen|26
27|Amanda|Moody|27
28|Jillian|Gallagher|28
29|Stacie|Johnston|29
30|Toni|Price|30
31|Savannah|Frey|31
32|Glenn|Young|32
33|Louis|Rojas|33
34|Michael|Vargas|34
35|Jade|Bell|35
36|Ashley|Thomas|36
37|Stacy|Copeland|37
38|Lisa|Waller|38
39|Amber|Thompson|39
40|Benjamin|Brown|40
41|Carolyn|Smith|41
42|Timothy|Rivera|42
43|Christina|Drake|43
44|Matthew|Thompson|44
45|Leah|Oneill|45
46|Brian|Hernandez|46
47|Janet|Thomas|47
48|Daniel|Fox|48
49|Michael|Jones|49
