agency_ID|agency_name|city|country
0|East AnthonyParadise Agency|East Anthony|Belarus
1|DorothyburyParadise Agency|Dorothybury|Congo
2|West JosephParadise Agency|West Joseph|Bahamas
3|North JackburghParadise Agency|North Jackburgh|Mauritania
4|South AlexanderParadise Agency|South Alexander|Afghanistan
5|JohnsfurtParadise Agency|Johnsfurt|Uruguay
6|TaylorfortParadise Agency|Taylorfort|Aruba
7|South DorisfortParadise Agency|South Dorisfort|Jordan
8|New JohnmouthParadise Agency|New Johnmouth|Honduras
9|Lake CassandraParadise Agency|Lake Cassandra|Afghanistan
10|FisherfortParadise Agency|Fisherfort|Portugal
11|Lake RobertvilleParadise Agency|Lake Robertville|Luxembourg
12|North JulianParadise Agency|North Julian|Mali
13|HoffmanportParadise Agency|Hoffmanport|Bosnia and Herzegovina
14|CervantesburyParadise Agency|Cervantesbury|Aruba
15|Port EmilyParadise Agency|Port Emily|Iceland
16|DestinyfurtParadise Agency|Destinyfurt|Equatorial Guinea
17|McdonaldvilleParadise Agency|Mcdonaldville|Myanmar
18|South BenjaminburyParadise Agency|South Benjaminbury|Netherlands
19|South KristenviewParadise Agency|South Kristenview|South Africa
20|New JenniferfortParadise Agency|New Jenniferfort|Oman
21|East KennethmouthParadise Agency|East Kennethmouth|Suriname
22|Lake SusanmouthParadise Agency|Lake Susanmouth|Pitcairn Islands
23|North AndreastadParadise Agency|North Andreastad|Moldova
24|East RandysideParadise Agency|East Randyside|Cambodia
25|MarshalltownParadise Agency|Marshalltown|Kyrgyz Republic
26|GregorymouthParadise Agency|Gregorymouth|Uzbekistan
27|North CarmenParadise Agency|North Carmen|Northern Mariana Islands
28|ChandlermouthParadise Agency|Chandlermouth|Zambia
29|South LauraParadise Agency|South Laura|Burundi
30|North RodneyParadise Agency|North Rodney|Saint Pierre and Miquelon
31|New JeanmouthParadise Agency|New Jeanmouth|Haiti
32|WyattbergParadise Agency|Wyattberg|Tonga
33|East KendraParadise Agency|East Kendra|Heard Island and McDonald Islands
34|Port WesleyParadise Agency|Port Wesley|French Southern Territories
35|Lake MaryParadise Agency|Lake Mary|Northern Mariana Islands
36|North RickymouthParadise Agency|North Rickymouth|Dominican Republic
37|MelissafortParadise Agency|Melissafort|Georgia
38|SamanthafurtParadise Agency|Samanthafurt|Montenegro
39|Port HannahParadise Agency|Port Hannah|Guatemala
40|North NancylandParadise Agency|North Nancyland|Gabon
41|Port KathybergParadise Agency|Port Kathyberg|United States Minor Outlying Islands
42|East ChristopherParadise Agency|East Christopher|Greenland
43|WilliamshireParadise Agency|Williamshire|Romania
44|KnighttownParadise Agency|Knighttown|Venezuela
45|West LindseyParadise Agency|West Lindsey|Tokelau
46|GarciafortParadise Agency|Garciafort|Belgium
47|LyonsboroughParadise Agency|Lyonsborough|Antigua and Barbuda
48|RobertmouthParadise Agency|Robertmouth|United States of America
49|New KevinbergParadise Agency|New Kevinberg|El Salvador
50|SmithlandParadise Agency|Smithland|India
51|AmberburyParadise Agency|Amberbury|Senegal
52|JasonmouthParadise Agency|Jasonmouth|Hungary
53|DariussideParadise Agency|Dariusside|Korea
54|EllischesterParadise Agency|Ellischester|Togo
55|North PaulburyParadise Agency|North Paulbury|Georgia
56|ShellyshireParadise Agency|Shellyshire|South Georgia and the South Sandwich Islands
57|RhodesburyParadise Agency|Rhodesbury|Tajikistan
58|Lake KathrynburyParadise Agency|Lake Kathrynbury|Aruba
59|East GregoryParadise Agency|East Gregory|Morocco
60|GoodmanmouthParadise Agency|Goodmanmouth|Grenada
61|KempviewParadise Agency|Kempview|Trinidad and Tobago
62|DarrentownParadise Agency|Darrentown|Gabon
63|PennytonParadise Agency|Pennyton|Myanmar
64|JaclynmouthParadise Agency|Jaclynmouth|Saint Kitts and Nevis
65|Port DaveParadise Agency|Port Dave|Bermuda
66|PaulmouthParadise Agency|Paulmouth|Tanzania
67|FrancistonParadise Agency|Franciston|Korea
68|LisaportParadise Agency|Lisaport|Spain
69|GutierrezvilleParadise Agency|Gutierrezville|Bosnia and Herzegovina
70|North TimothyshireParadise Agency|North Timothyshire|Lebanon
71|ParkermouthParadise Agency|Parkermouth|Guyana
72|EmilystadParadise Agency|Emilystad|Italy
73|StevenhavenParadise Agency|Stevenhaven|Monaco
74|HernandezfurtParadise Agency|Hernandezfurt|Pitcairn Islands
75|West WilliamParadise Agency|West William|Ethiopia
76|Port JamestownParadise Agency|Port Jamestown|Netherlands
77|SuefurtParadise Agency|Suefurt|Malta
78|JudithtownParadise Agency|Judithtown|Tajikistan
79|GrayshireParadise Agency|Grayshire|Saint Lucia
80|Port StephanieParadise Agency|Port Stephanie|Saint Barthelemy
81|JoneshavenParadise Agency|Joneshaven|Bulgaria
82|CaseyfortParadise Agency|Caseyfort|Antigua and Barbuda
83|WaremouthParadise Agency|Waremouth|Kazakhstan
84|TaylorboroughParadise Agency|Taylorborough|Mongolia
85|ThomasburyParadise Agency|Thomasbury|Luxembourg
86|LawrencemouthParadise Agency|Lawrencemouth|Bangladesh
87|North StaceyburyParadise Agency|North Staceybury|Guinea-Bissau
88|East AngelachesterParadise Agency|East Angelachester|China
89|Lake LauraParadise Agency|Lake Laura|Ireland
90|West JamesParadise Agency|West James|Djibouti
91|Lake ShellyParadise Agency|Lake Shelly|Dominican Republic
92|Port DouglasshireParadise Agency|Port Douglasshire|Vanuatu
93|West JoshuaParadise Agency|West Joshua|Angola
94|OlsentownParadise Agency|Olsentown|Syrian Arab Republic
95|KnightviewParadise Agency|Knightview|Russian Federation
96|Lake SallyParadise Agency|Lake Sally|Iran
97|DestinyboroughParadise Agency|Destinyborough|Guam
98|MedinafurtParadise Agency|Medinafurt|Gibraltar
99|New KevinParadise Agency|New Kevin|Burkina Faso
100|JohntonParadise Agency|Johnton|Antigua and Barbuda
101|HensleyviewParadise Agency|Hensleyview|El Salvador
102|JustinfortParadise Agency|Justinfort|Slovakia (Slovak Republic)
103|JohnvilleParadise Agency|Johnville|Morocco
104|West GarrettstadParadise Agency|West Garrettstad|Georgia
105|New LeahParadise Agency|New Leah|Gibraltar
106|South RobertParadise Agency|South Robert|Gabon
107|West MasonParadise Agency|West Mason|Antarctica (the territory South of 60 deg S)
108|HawkinschesterParadise Agency|Hawkinschester|Mayotte
109|StephenstownParadise Agency|Stephenstown|Philippines
110|North JeremyParadise Agency|North Jeremy|Namibia
111|East DavidParadise Agency|East David|Tuvalu
112|South AustinlandParadise Agency|South Austinland|Niger
113|AnnchesterParadise Agency|Annchester|Uzbekistan
114|New KimberlyParadise Agency|New Kimberly|Panama
115|New LisaParadise Agency|New Lisa|Monaco
116|MoorehavenParadise Agency|Moorehaven|Luxembourg
117|Port LaurenParadise Agency|Port Lauren|Belarus
118|LaurieportParadise Agency|Laurieport|Mongolia
119|LauraburghParadise Agency|Lauraburgh|Montserrat
120|South RuthshireParadise Agency|South Ruthshire|India
121|KevinchesterParadise Agency|Kevinchester|Algeria
122|East KathleenParadise Agency|East Kathleen|Mauritania
123|South AdammouthParadise Agency|South Adammouth|Belgium
124|East AlisonportParadise Agency|East Alisonport|Guadeloupe
125|East SheilabergParadise Agency|East Sheilaberg|Pitcairn Islands
126|Lake JacquelineParadise Agency|Lake Jacqueline|Sao Tome and Principe
127|North JenniferfortParadise Agency|North Jenniferfort|Guyana
128|MichaelviewParadise Agency|Michaelview|Bangladesh
129|HillfortParadise Agency|Hillfort|Nicaragua
130|Lake MichelleParadise Agency|Lake Michelle|Bangladesh
131|Port PamelafurtParadise Agency|Port Pamelafurt|Israel
132|Port StevenParadise Agency|Port Steven|Pakistan
133|Port ConnorburghParadise Agency|Port Connorburgh|Iraq
134|KingburghParadise Agency|Kingburgh|Sweden
135|East MindyfurtParadise Agency|East Mindyfurt|Azerbaijan
136|NicholsmouthParadise Agency|Nicholsmouth|French Guiana
137|East AlexanderParadise Agency|East Alexander|Holy See (Vatican City State)
138|ThomasburyParadise Agency|Thomasbury|Portugal
139|South AmandaParadise Agency|South Amanda|Norway
140|South BrandonlandParadise Agency|South Brandonland|Tonga
141|MatthewbergParadise Agency|Matthewberg|Denmark
142|South ToddParadise Agency|South Todd|Ethiopia
143|VincentvilleParadise Agency|Vincentville|Nicaragua
144|SmithstadParadise Agency|Smithstad|Aruba
145|New RyanfortParadise Agency|New Ryanfort|Paraguay
146|North ChristinaParadise Agency|North Christina|Guernsey
147|New DavidvilleParadise Agency|New Davidville|Thailand
148|New JenniferParadise Agency|New Jennifer|Guinea
149|East JeremyParadise Agency|East Jeremy|Canada
150|WilkinsonviewParadise Agency|Wilkinsonview|Montserrat
151|Port ThomasParadise Agency|Port Thomas|Guam
152|New ReginaParadise Agency|New Regina|Guam
153|RobinvilleParadise Agency|Robinville|Belarus
154|KirbymouthParadise Agency|Kirbymouth|Belize
155|CarolyntownParadise Agency|Carolyntown|United Kingdom
156|CookmouthParadise Agency|Cookmouth|Gabon
157|Port SylviaburghParadise Agency|Port Sylviaburgh|French Southern Territories
158|SerranoshireParadise Agency|Serranoshire|Isle of Man
159|South DavidParadise Agency|South David|Nepal
160|New SaraburyParadise Agency|New Sarabury|Puerto Rico
161|East KevinshireParadise Agency|East Kevinshire|Zambia
162|LunaburyParadise Agency|Lunabury|Senegal
163|EricksonmouthParadise Agency|Ericksonmouth|Lesotho
164|Port JonathanParadise Agency|Port Jonathan|Comoros
165|JamesmouthParadise Agency|Jamesmouth|Tokelau
166|CindymouthParadise Agency|Cindymouth|Malaysia
167|MartinfurtParadise Agency|Martinfurt|Guyana
168|RodriguezfurtParadise Agency|Rodriguezfurt|Sao Tome and Principe
169|JeffreyhavenParadise Agency|Jeffreyhaven|Tonga
170|Port EricshireParadise Agency|Port Ericshire|Australia
171|West SarahParadise Agency|West Sarah|Oman
172|Lake KennethportParadise Agency|Lake Kennethport|Latvia
173|WoodwardtownParadise Agency|Woodwardtown|Saint Helena
174|New JustinlandParadise Agency|New Justinland|Italy
175|TimothyfortParadise Agency|Timothyfort|Israel
176|West NatashaParadise Agency|West Natasha|Iraq
177|NealbergParadise Agency|Nealberg|Brunei Darussalam
178|JosebergParadise Agency|Joseberg|Uzbekistan
179|East RobertburyParadise Agency|East Robertbury|Austria
180|Lake SusantonParadise Agency|Lake Susanton|United States Minor Outlying Islands
181|Lake MartinmouthParadise Agency|Lake Martinmouth|Dominican Republic
182|Lake DanielmouthParadise Agency|Lake Danielmouth|Colombia
183|South LanceParadise Agency|South Lance|Bahrain
184|TravismouthParadise Agency|Travismouth|Italy
185|North CynthiahavenParadise Agency|North Cynthiahaven|Ethiopia
186|New LauraParadise Agency|New Laura|Cuba
187|CherylviewParadise Agency|Cherylview|Kiribati
188|FrankshireParadise Agency|Frankshire|Martinique
189|Port LauraParadise Agency|Port Laura|Senegal
190|ChristinachesterParadise Agency|Christinachester|United States Minor Outlying Islands
191|CobblandParadise Agency|Cobbland|Guinea
192|Port BrookeParadise Agency|Port Brooke|Somalia
193|East RyanParadise Agency|East Ryan|United States Minor Outlying Islands
194|Lake KevinParadise Agency|Lake Kevin|Saint Lucia
195|South MarkParadise Agency|South Mark|Armenia
196|East CassieParadise Agency|East Cassie|Andorra
197|Lake TeresatonParadise Agency|Lake Teresaton|Jersey
198|MeganchesterParadise Agency|Meganchester|Bangladesh
199|KevinmouthParadise Agency|Kevinmouth|Macao
200|WrightmouthParadise Agency|Wrightmouth|Ghana
201|DonnatonParadise Agency|Donnaton|Rwanda
202|GregoryburyParadise Agency|Gregorybury|British Virgin Islands
203|HarveybergParadise Agency|Harveyberg|Saint Kitts and Nevis
204|Lake RyanstadParadise Agency|Lake Ryanstad|Sudan
205|SophiaburyParadise Agency|Sophiabury|Niger
206|West StephanieParadise Agency|West Stephanie|Poland
207|MatthewsviewParadise Agency|Matthewsview|Ghana
208|Lake KimberlyParadise Agency|Lake Kimberly|Namibia
209|Port VictoriaParadise Agency|Port Victoria|Guatemala
210|New TaylorParadise Agency|New Taylor|Puerto Rico
211|West StephenParadise Agency|West Stephen|Egypt
212|East JohnfortParadise Agency|East Johnfort|Djibouti
213|MatthewboroughParadise Agency|Matthewborough|Australia
214|East RodneyParadise Agency|East Rodney|Bolivia
215|East KellyParadise Agency|East Kelly|Lebanon
216|AndrewshireParadise Agency|Andrewshire|Martinique
217|JamesmouthParadise Agency|Jamesmouth|Cayman Islands
218|East JerrytonParadise Agency|East Jerryton|Gibraltar
219|South BrandonburyParadise Agency|South Brandonbury|Swaziland
220|West CodyParadise Agency|West Cody|Antarctica (the territory South of 60 deg S)
221|EricksonstadParadise Agency|Ericksonstad|Yemen
222|MarkfortParadise Agency|Markfort|Austria
223|CynthiatonParadise Agency|Cynthiaton|Faroe Islands
224|East PaulaParadise Agency|East Paula|Svalbard & Jan Mayen Islands
225|StaceyfurtParadise Agency|Staceyfurt|Gambia
226|North BrittneyburghParadise Agency|North Brittneyburgh|Holy See (Vatican City State)
227|MelissabergParadise Agency|Melissaberg|Gibraltar
228|New LaurenParadise Agency|New Lauren|Argentina
229|TownsendlandParadise Agency|Townsendland|Myanmar
230|Port JohnstadParadise Agency|Port Johnstad|United Kingdom
231|West JenniferburyParadise Agency|West Jenniferbury|Saint Lucia
232|CherylviewParadise Agency|Cherylview|Venezuela
233|New JenniferfortParadise Agency|New Jenniferfort|Bouvet Island (Bouvetoya)
234|HeathermouthParadise Agency|Heathermouth|Guinea-Bissau
235|AveryfurtParadise Agency|Averyfurt|Jersey
236|East SusanParadise Agency|East Susan|Niue
237|West RobertParadise Agency|West Robert|Andorra
238|MartinezchesterParadise Agency|Martinezchester|Burkina Faso
239|Lake ElizabethsideParadise Agency|Lake Elizabethside|Palestinian Territory
240|PatriciachesterParadise Agency|Patriciachester|Dominica
241|DavidtownParadise Agency|Davidtown|Kuwait
242|AyersmouthParadise Agency|Ayersmouth|Armenia
243|EricmouthParadise Agency|Ericmouth|Netherlands
244|MasonstadParadise Agency|Masonstad|Papua New Guinea
245|LarsonmouthParadise Agency|Larsonmouth|Turkey
246|West JamesboroughParadise Agency|West Jamesborough|Puerto Rico
247|JohnsonhavenParadise Agency|Johnsonhaven|Armenia
248|North BradleyportParadise Agency|North Bradleyport|Serbia
249|OconnortonParadise Agency|Oconnorton|Saint Martin
250|New EduardoParadise Agency|New Eduardo|Switzerland
251|New BrittneytonParadise Agency|New Brittneyton|Fiji
252|DouglasfurtParadise Agency|Douglasfurt|Wallis and Futuna
253|New AlexandraParadise Agency|New Alexandra|Ireland
254|ZimmermanstadParadise Agency|Zimmermanstad|Benin
255|SarahtonParadise Agency|Sarahton|Guernsey
256|Lake BrittanymouthParadise Agency|Lake Brittanymouth|Iran
257|South TimothyParadise Agency|South Timothy|Mali
258|North TimothybergParadise Agency|North Timothyberg|Rwanda
259|MooretownParadise Agency|Mooretown|Saint Kitts and Nevis
260|Lake ElizabethportParadise Agency|Lake Elizabethport|Kiribati
261|Lake JamesParadise Agency|Lake James|Cote d'Ivoire
262|RoberttownParadise Agency|Roberttown|Lao People's Democratic Republic
263|Lake JenniferParadise Agency|Lake Jennifer|Slovakia (Slovak Republic)
264|New JeffreyfurtParadise Agency|New Jeffreyfurt|Netherlands Antilles
265|FarleyhavenParadise Agency|Farleyhaven|Senegal
266|DakotaviewParadise Agency|Dakotaview|Guatemala
267|CathyboroughParadise Agency|Cathyborough|Isle of Man
268|SnowviewParadise Agency|Snowview|Iceland
269|BakertonParadise Agency|Bakerton|Western Sahara
270|GrayhavenParadise Agency|Grayhaven|Saint Kitts and Nevis
271|ColelandParadise Agency|Coleland|Trinidad and Tobago
272|KathrynvilleParadise Agency|Kathrynville|Belize
273|TorreschesterParadise Agency|Torreschester|Aruba
274|ElizabethstadParadise Agency|Elizabethstad|Swaziland
275|ClarkportParadise Agency|Clarkport|Egypt
276|New BrandonmouthParadise Agency|New Brandonmouth|Cote d'Ivoire
277|North JenniferParadise Agency|North Jennifer|Burkina Faso
278|AllisonstadParadise Agency|Allisonstad|Japan
279|KatherineboroughParadise Agency|Katherineborough|Dominican Republic
280|WarnerfortParadise Agency|Warnerfort|South Africa
281|North EricaParadise Agency|North Erica|Bolivia
282|SimpsonsideParadise Agency|Simpsonside|Liberia
283|New KirstenchesterParadise Agency|New Kirstenchester|Botswana
284|JustinfortParadise Agency|Justinfort|Peru
285|North MelissaParadise Agency|North Melissa|Cambodia
286|ElizabethbergParadise Agency|Elizabethberg|Zimbabwe
287|StephanieportParadise Agency|Stephanieport|Guadeloupe
288|AndrewtonParadise Agency|Andrewton|Guam
289|BrittanytonParadise Agency|Brittanyton|Macedonia
290|Lake AnnasideParadise Agency|Lake Annaside|Tajikistan
291|New MelanieParadise Agency|New Melanie|Iran
292|YounghavenParadise Agency|Younghaven|Lesotho
293|West NicholasParadise Agency|West Nicholas|India
294|North JamesParadise Agency|North James|South Africa
295|JohnburyParadise Agency|Johnbury|Sierra Leone
296|North AnthonylandParadise Agency|North Anthonyland|French Guiana
297|West EricParadise Agency|West Eric|Gambia
298|North TravisParadise Agency|North Travis|Rwanda
299|DanielshireParadise Agency|Danielshire|Monaco
300|EdwardsviewParadise Agency|Edwardsview|Isle of Man
301|HernandezfortParadise Agency|Hernandezfort|Puerto Rico
302|West CoryParadise Agency|West Cory|Netherlands
303|MooremouthParadise Agency|Mooremouth|Cape Verde
304|StricklandfurtParadise Agency|Stricklandfurt|Azerbaijan
305|East DavidtonParadise Agency|East Davidton|Bulgaria
306|West BenjaminParadise Agency|West Benjamin|Hong Kong
307|HayesvilleParadise Agency|Hayesville|Colombia
308|ChristianstadParadise Agency|Christianstad|Malaysia
309|Port JosehavenParadise Agency|Port Josehaven|Thailand
310|Port MichelleParadise Agency|Port Michelle|Turkmenistan
311|West ChadfurtParadise Agency|West Chadfurt|Jersey
312|Lake AmyvilleParadise Agency|Lake Amyville|Thailand
313|East BethParadise Agency|East Beth|Libyan Arab Jamahiriya
314|KelseyfortParadise Agency|Kelseyfort|Norfolk Island
315|New AngelaboroughParadise Agency|New Angelaborough|Israel
316|West DonaldfurtParadise Agency|West Donaldfurt|New Caledonia
317|MariaportParadise Agency|Mariaport|Gabon
318|EricbergParadise Agency|Ericberg|Cayman Islands
319|HeatherbergParadise Agency|Heatherberg|El Salvador
320|LeelandParadise Agency|Leeland|Ecuador
321|YounglandParadise Agency|Youngland|French Southern Territories
322|BoblandParadise Agency|Bobland|Taiwan
323|New AnthonybergParadise Agency|New Anthonyberg|Hong Kong
324|WelchvilleParadise Agency|Welchville|Uruguay
325|KristinburyParadise Agency|Kristinbury|Paraguay
326|SmithlandParadise Agency|Smithland|Anguilla
327|ShawnlandParadise Agency|Shawnland|Tunisia
328|Port CurtisshireParadise Agency|Port Curtisshire|Spain
329|Lake LeslieParadise Agency|Lake Leslie|Yemen
330|HuberbergParadise Agency|Huberberg|Tuvalu
331|JessicachesterParadise Agency|Jessicachester|Moldova
332|West BryanParadise Agency|West Bryan|Aruba
333|West ChristianParadise Agency|West Christian|Bermuda
334|Port ChadParadise Agency|Port Chad|Bosnia and Herzegovina
335|Port YvonnesideParadise Agency|Port Yvonneside|Norfolk Island
336|West AlecmouthParadise Agency|West Alecmouth|Uruguay
337|Lake JaneburghParadise Agency|Lake Janeburgh|Germany
338|South MorgantownParadise Agency|South Morgantown|Georgia
339|ShannonhavenParadise Agency|Shannonhaven|Guyana
340|SmithviewParadise Agency|Smithview|Somalia
341|Port YvonnefurtParadise Agency|Port Yvonnefurt|Korea
342|West DonnahavenParadise Agency|West Donnahaven|Kuwait
343|North AndrewParadise Agency|North Andrew|Bosnia and Herzegovina
344|LisastadParadise Agency|Lisastad|Serbia
345|NelsonfortParadise Agency|Nelsonfort|Brunei Darussalam
346|South MarkParadise Agency|South Mark|Latvia
347|KrystalmouthParadise Agency|Krystalmouth|Saint Kitts and Nevis
348|AnthonyboroughParadise Agency|Anthonyborough|Togo
349|BakershireParadise Agency|Bakershire|New Zealand
350|SmithburyParadise Agency|Smithbury|Egypt
351|Lake JeremyportParadise Agency|Lake Jeremyport|Benin
352|Port CrystalParadise Agency|Port Crystal|French Southern Territories
353|North MarthatownParadise Agency|North Marthatown|Czech Republic
354|South KatherineParadise Agency|South Katherine|Korea
355|JesuslandParadise Agency|Jesusland|Reunion
356|West TracyfurtParadise Agency|West Tracyfurt|Dominican Republic
357|Lake MarylandParadise Agency|Lake Maryland|Anguilla
358|SchneiderportParadise Agency|Schneiderport|Ireland
359|East MarcfurtParadise Agency|East Marcfurt|Argentina
360|GalvantownParadise Agency|Galvantown|Bahamas
361|ScotthavenParadise Agency|Scotthaven|Iran
362|GreenesideParadise Agency|Greeneside|Honduras
363|WilliamhavenParadise Agency|Williamhaven|Bangladesh
364|SmithburyParadise Agency|Smithbury|Iraq
365|North VanessamouthParadise Agency|North Vanessamouth|South Georgia and the South Sandwich Islands
366|SmithlandParadise Agency|Smithland|Kenya
367|HerringburyParadise Agency|Herringbury|Palau
368|EdwardsportParadise Agency|Edwardsport|Nauru
369|Port JamesParadise Agency|Port James|Vietnam
370|South AllisonvilleParadise Agency|South Allisonville|Venezuela
371|South DanielchesterParadise Agency|South Danielchester|Syrian Arab Republic
372|North JoshuatownParadise Agency|North Joshuatown|Chile
373|West JustinlandParadise Agency|West Justinland|Western Sahara
374|MatthewshireParadise Agency|Matthewshire|Jamaica
375|RamirezburyParadise Agency|Ramirezbury|Djibouti
376|ElizabethchesterParadise Agency|Elizabethchester|Reunion
377|NathanielburghParadise Agency|Nathanielburgh|Denmark
378|South KimberlytownParadise Agency|South Kimberlytown|Svalbard & Jan Mayen Islands
379|Lake JimParadise Agency|Lake Jim|Ecuador
380|Port BrianshireParadise Agency|Port Brianshire|Mozambique
381|South CourtneyParadise Agency|South Courtney|Guernsey
382|Lake PaulParadise Agency|Lake Paul|Bouvet Island (Bouvetoya)
383|HollandmouthParadise Agency|Hollandmouth|Dominica
384|South JayshireParadise Agency|South Jayshire|Trinidad and Tobago
385|KathrynbergParadise Agency|Kathrynberg|Faroe Islands
386|RobbinsbergParadise Agency|Robbinsberg|Vanuatu
387|Port JulieParadise Agency|Port Julie|Moldova
388|MeganfurtParadise Agency|Meganfurt|Togo
389|TaraburyParadise Agency|Tarabury|Syrian Arab Republic
390|Port TimothyParadise Agency|Port Timothy|Sudan
391|TranlandParadise Agency|Tranland|Eritrea
392|East JoshuaboroughParadise Agency|East Joshuaborough|Somalia
393|Port TimothyfurtParadise Agency|Port Timothyfurt|Kazakhstan
394|South AdamstadParadise Agency|South Adamstad|Moldova
395|South MoniquemouthParadise Agency|South Moniquemouth|Kyrgyz Republic
396|North NicoleParadise Agency|North Nicole|British Virgin Islands
397|TaylortownParadise Agency|Taylortown|India
398|West KarenParadise Agency|West Karen|India
399|RichardshireParadise Agency|Richardshire|Marshall Islands
400|SmithportParadise Agency|Smithport|Panama
401|MichaeltownParadise Agency|Michaeltown|Tanzania
402|New JenniferParadise Agency|New Jennifer|El Salvador
403|South HeatherParadise Agency|South Heather|Bolivia
404|SandersshireParadise Agency|Sandersshire|Canada
405|MarcotonParadise Agency|Marcoton|Greenland
406|New SandrafurtParadise Agency|New Sandrafurt|Austria
407|North ElizabethvilleParadise Agency|North Elizabethville|Papua New Guinea
408|North LisachesterParadise Agency|North Lisachester|Barbados
409|JonesshireParadise Agency|Jonesshire|Kuwait
410|New JonathanParadise Agency|New Jonathan|El Salvador
411|East StaceyburyParadise Agency|East Staceybury|Afghanistan
412|Lake JodihavenParadise Agency|Lake Jodihaven|Burundi
413|New MelissaParadise Agency|New Melissa|Papua New Guinea
414|ColliertonParadise Agency|Collierton|Serbia
415|WoodsboroughParadise Agency|Woodsborough|Peru
416|North BryanParadise Agency|North Bryan|Papua New Guinea
417|AllisonfortParadise Agency|Allisonfort|Philippines
418|FryburyParadise Agency|Frybury|Nigeria
419|ChasestadParadise Agency|Chasestad|Ghana
420|JonesbergParadise Agency|Jonesberg|Brunei Darussalam
421|Port VickiesideParadise Agency|Port Vickieside|Burkina Faso
422|North RobertParadise Agency|North Robert|Sao Tome and Principe
423|New JessicafurtParadise Agency|New Jessicafurt|Swaziland
424|DavidfurtParadise Agency|Davidfurt|Bahrain
425|Port AnthonyParadise Agency|Port Anthony|Comoros
426|GreenvilleParadise Agency|Greenville|Portugal
427|LawsonchesterParadise Agency|Lawsonchester|Macedonia
428|West RobinParadise Agency|West Robin|New Caledonia
429|South MelaniechesterParadise Agency|South Melaniechester|Falkland Islands (Malvinas)
430|Port JohnburyParadise Agency|Port Johnbury|Slovenia
431|Lake AshleyburyParadise Agency|Lake Ashleybury|Palestinian Territory
432|West DonaldParadise Agency|West Donald|United Arab Emirates
433|Lake LindaParadise Agency|Lake Linda|Sri Lanka
434|BuckburghParadise Agency|Buckburgh|Hong Kong
435|South BrandyParadise Agency|South Brandy|Netherlands Antilles
436|MeganburghParadise Agency|Meganburgh|Vietnam
437|West JacksonParadise Agency|West Jackson|New Zealand
438|GillviewParadise Agency|Gillview|Gabon
439|KathleenburyParadise Agency|Kathleenbury|Spain
440|WangsideParadise Agency|Wangside|Jordan
441|Port TeresavilleParadise Agency|Port Teresaville|Belarus
442|KristaburyParadise Agency|Kristabury|Cyprus
443|South JonathanhavenParadise Agency|South Jonathanhaven|Anguilla
444|AnnafortParadise Agency|Annafort|Belize
445|LoganstadParadise Agency|Loganstad|Nauru
446|Port DaniellefurtParadise Agency|Port Daniellefurt|Qatar
447|Port TimothyParadise Agency|Port Timothy|Lesotho
448|East SandrashireParadise Agency|East Sandrashire|Bolivia
449|North JenniferParadise Agency|North Jennifer|Ethiopia
450|MckaymouthParadise Agency|Mckaymouth|Chile
451|South GregoryfurtParadise Agency|South Gregoryfurt|Indonesia
452|East DustinmouthParadise Agency|East Dustinmouth|Madagascar
453|CharlestownParadise Agency|Charlestown|China
454|MelvinshireParadise Agency|Melvinshire|Mongolia
455|McdonaldburyParadise Agency|Mcdonaldbury|Saint Helena
456|CordovashireParadise Agency|Cordovashire|Congo
457|TiffanyshireParadise Agency|Tiffanyshire|Germany
458|CarlosbergParadise Agency|Carlosberg|Equatorial Guinea
459|AdamslandParadise Agency|Adamsland|Barbados
460|South EmmafurtParadise Agency|South Emmafurt|Uzbekistan
461|SmithhavenParadise Agency|Smithhaven|Jamaica
462|West PhillipParadise Agency|West Phillip|Palau
463|RoyvilleParadise Agency|Royville|Bosnia and Herzegovina
464|West StacyParadise Agency|West Stacy|French Guiana
465|East JaredParadise Agency|East Jared|South Africa
466|New BradleyfurtParadise Agency|New Bradleyfurt|Zimbabwe
467|North JuliaParadise Agency|North Julia|Madagascar
468|New TamaraParadise Agency|New Tamara|Nigeria
469|VirginiasideParadise Agency|Virginiaside|Burundi
470|WalkerburghParadise Agency|Walkerburgh|South Georgia and the South Sandwich Islands
471|North PamelahavenParadise Agency|North Pamelahaven|Mali
472|North GeorgeParadise Agency|North George|Kazakhstan
473|Lake RonaldParadise Agency|Lake Ronald|Guinea
474|AmybergParadise Agency|Amyberg|Colombia
475|South DennislandParadise Agency|South Dennisland|New Zealand
476|KirksideParadise Agency|Kirkside|French Polynesia
477|New TheodoreParadise Agency|New Theodore|Switzerland
478|South EvelynburghParadise Agency|South Evelynburgh|Liechtenstein
479|GillboroughParadise Agency|Gillborough|Niue
480|NguyenburghParadise Agency|Nguyenburgh|Niger
481|MichaellandParadise Agency|Michaelland|Poland
482|North SusanlandParadise Agency|North Susanland|Antigua and Barbuda
483|New KevinsideParadise Agency|New Kevinside|Seychelles
484|JenniferbergParadise Agency|Jenniferberg|Japan
485|East HannahParadise Agency|East Hannah|American Samoa
486|South AlexParadise Agency|South Alex|Korea
487|East JohnParadise Agency|East John|Argentina
488|Lake DestinyParadise Agency|Lake Destiny|Djibouti
489|Lake RebeccaviewParadise Agency|Lake Rebeccaview|Pitcairn Islands
490|Port DanielleParadise Agency|Port Danielle|Congo
491|RiveraboroughParadise Agency|Riveraborough|Montserrat
492|South KatrinabergParadise Agency|South Katrinaberg|Thailand
493|Port CatherinechesterParadise Agency|Port Catherinechester|Russian Federation
494|WalkerchesterParadise Agency|Walkerchester|Tajikistan
495|SalazarsideParadise Agency|Salazarside|Latvia
496|AlbertboroughParadise Agency|Albertborough|Togo
497|West NathanielviewParadise Agency|West Nathanielview|Bahrain
498|South CoryfurtParadise Agency|South Coryfurt|Estonia
499|SmithsideParadise Agency|Smithside|France
