client_ID|name|surname|email|telephone_number
0|Janet|Bates|kevin22@fry.com|895392644
1|Peter|Gamble|carriemccall@walker.com|135521570
2|Michael|Buchanan|cruzjessica@wilkerson.biz|861793271
3|Jose|Garcia|pamelamartin@gmail.com|599706296
4|Jamie|Lee|kenneth10@yahoo.com|205061497
5|George|Carter|tanthony@ruiz-jacobson.com|862565270
6|Jeremy|Adams|karencontreras@barnett.biz|806868793
7|Raven|Klein|averyshane@stanton.com|616329451
8|Andrea|Gates|buchanancindy@hotmail.com|162299911
9|Nicole|Humphrey|kpena@hotmail.com|024629960
10|Julie|Mccall|morganlaura@yahoo.com|713247546
11|Jason|Holloway|lori82@gmail.com|862890233
12|Brent|Ward|micheal78@reid-martinez.com|579727985
13|Justin|Hughes|mercedesholland@clark.com|229034944
14|Johnathan|Owens|smithyvonne@yahoo.com|417154544
15|Kathy|Yoder|erin07@yahoo.com|666099353
16|Kevin|Jackson|connor24@stokes.com|353465549
17|Brian|Walters|gpreston@dillon.net|602235697
18|Tony|Welch|cynthia07@clark-ayala.org|712966667
19|James|Watson|katherine83@rhodes.com|542168942
20|Stephen|Meyer|ibarron@yahoo.com|532603323
21|David|Dawson|qmcdowell@dean.com|016761847
22|Robert|Garcia|robertroach@hotmail.com|411739348
23|Ethan|Kelley|arivera@powers.org|218114374
24|Lisa|Sawyer|laurie56@hotmail.com|100225579
25|Ian|Morales|mary76@hotmail.com|120216979
26|Kimberly|Carr|hknapp@alexander-brown.com|899358891
27|Elizabeth|Davidson|smithsarah@allison.com|535408386
28|Sean|Berry|hwest@mcgee-smith.biz|088019948
29|Michael|Brown|xrivera@greene.info|130554885
30|Donald|Love|kingjames@gmail.com|373516091
31|Dennis|Porter|eroberson@norman.com|169958669
32|Tara|Chavez|robertgraves@hunt.com|339452288
33|Timothy|Duncan|natalie60@hotmail.com|062003424
34|James|Weaver|rgarcia@hotmail.com|863840666
35|Julia|Harris|rhondabush@hotmail.com|989334721
36|Nicholas|Patterson|eugenesingleton@gmail.com|720259094
37|Charles|Zimmerman|abigailhartman@perry.biz|533555439
38|Danny|Reed|susanfleming@james-hogan.com|484085887
39|Luke|Miller|teresaayala@smith.com|138612075
40|Gregory|King|rhondarussell@mccoy-hamilton.com|180919015
41|Catherine|Campbell|qfoster@gmail.com|283268424
42|Donald|Williams|torreskaitlin@hotmail.com|368222394
43|Melissa|York|robertscarlos@gmail.com|975523149
44|Shannon|Jensen|arianadiaz@yahoo.com|205336452
45|Michael|Torres|debbiemiller@trevino-taylor.net|411080996
46|Jorge|Shannon|michaelwalker@hotmail.com|278816580
47|Donald|Moore|ccrosby@juarez.com|530385677
48|Jane|Boyd|beth92@yahoo.com|591846386
49|Paige|Smith|emartin@schneider.com|365177739
